,mass_density,ratio_oxygen_by_transition_metal_atom,ratio_atoms_cell_by_cell_vol,electronic_energy_band_gap,energy_atom,space_group,point_group,c_by_a_ratio,AGL_thermal_conductivity
0,5.28629,1.0,0.06503205,0.0,-2.8948400000000003,43,6,1.0,2.4349
1,6.45335,3.0,0.078109256,1.7706,-6.765210000000001,45,7,1.0,12.2468
2,6.06196,2.0,0.087518734,1.6901,-5.50833,39,6,4.258978642,4.10466
3,7.25634,2.0,0.08792484199999999,1.8904,-4.36026,39,6,4.279766675,2.95475
4,6.99145,2.0,0.080348633,0.9858,-4.49855,39,6,4.154988111000001,2.33078
5,6.88202,2.0,0.06509092400000001,0.6242,-4.37448,39,6,3.85971333,1.492
6,5.20261,2.0,0.067806954,2.4628,-6.18435,39,6,3.845535045,2.6132400000000002
7,5.53412,2.0,0.058271237999999996,2.5359,-6.4977,39,6,3.5752567180000003,2.28828
8,5.24078,2.0,0.075662997,1.4608,-5.532430000000001,3,0,1.290807171,2.40141
9,3.8642800000000004,1.0,0.042839395,1.504,-2.98254,26,2,1.0,0.691056
10,5.88821,2.0,0.066072642,2.7337,-5.383319999999999,48,7,1.0,1.57588
11,6.5045,0.25,0.070548728,0.6067,-4.98983,48,7,1.0,2.47715
12,6.624110000000001,0.5,0.051642223,0.0868,-2.11465,46,7,1.0,0.017452900000000004
13,4.47728,1.0,0.038640623,1.4461,-2.9030299999999998,19,2,1.0,0.545209
14,8.32514,1.2,0.062087475999999996,0.0,-3.58419,31,3,1.0791092820000001,0.45218800000000003
15,6.27993,1.33,0.065412652,0.4311,-4.01044,44,6,1.0,0.7471439999999999
16,6.08172,1.33,0.069999213,0.8715,-4.55679,44,6,1.0,1.07225
17,6.31276,3.0,0.08887087800000001,3.1268,-7.898610000000001,45,7,1.0,22.272
18,4.984030000000001,2.0,0.09798542,2.015,-6.067130000000001,39,6,3.9588983719999997,8.574760000000001
19,4.500719999999999,3.0,0.082692467,3.5,-8.24,39,6,3.2893982810000004,9.925
20,4.280959999999999,2.0,0.102017766,5.4135,-7.07695,48,7,1.0,11.38
21,5.19488,3.0,0.09544717,5.54,-8.32,12,2,1.424474187,8.79
22,4.14902,4.0,0.081531155,3.5213,-7.1864300000000005,28,4,1.0,7.49817
23,7.76088,2.0,0.068248904,2.2382,-6.3358300000000005,39,6,3.71583534,2.75783
24,7.73964,2.0,0.058651456,2.8139999999999996,-6.668589999999999,39,6,3.415228242,1.7990599999999999
25,8.07361,3.0,0.06332921700000001,1.9733,-5.98298,8,2,3.231880402,2.3244599999999997
26,5.0852,4.0,0.109557024,2.8001,-8.450280000000001,28,4,1.0,19.3308
27,7.710430000000001,4.0,0.108931473,3.6319,-8.82655,28,4,1.0,17.4699
28,5.26864,1.33,0.064757403,0.7847,-4.73709,14,2,0.643016199,3.57166
29,6.1263,3.0,0.076486749,0.0,-6.38738,45,7,1.0,7.22743
30,6.5102199999999995,3.0,0.070453892,0.0,-7.90658,45,7,1.0,11.8894
31,6.771160000000001,1.5,0.074145473,0.0,-8.41735,21,4,1.961882999,12.4976
32,6.85988,1.28,0.07537967,0.0,-8.54905,21,4,2.965665211,10.4578
33,6.61382,3.0,0.065504872,0.0,-6.11406,45,7,1.0,7.688
34,5.78831,3.0,0.074729368,2.1335,-7.456589999999999,45,7,1.0,16.6821
35,5.953130000000001,3.0,0.064817215,3.04,-8.29,45,7,1.0,14.01
36,5.81724,2.0,0.057045066,2.98,-7.64,26,4,1.0,6.46
37,5.38592,2.0,0.056837827,1.6271,-5.92321,30,1,1.14282948,1.9919799999999999
38,5.37215,0.33,0.029589476,0.0,-4.29668,45,7,1.0,2.87552
39,5.92248,3.0,0.07422169299999999,0.6679,-6.87131,39,6,1.640687864,2.63685
40,5.5749,3.0,0.07197403200000001,2.1853,-7.453539999999999,39,6,2.440520388,4.05023
41,7.583130000000001,3.0,0.072277523,1.1112,-5.7413,17,2,1.2909093999999999,4.5882
42,7.20987,3.0,0.071901064,0.6582,-6.81963,45,7,1.0,8.83105
43,6.02418,4.0,0.067199032,2.7616,-6.99725,28,4,1.0,3.7202599999999997
44,8.412889999999999,3.0,0.08198670200000001,1.5949,-6.87782,12,2,1.433593259,3.7817800000000004
45,8.31948,3.0,0.080078156,1.4018,-6.2742,12,2,1.436041105,12.5194
46,10.7112,3.5,0.077597579,0.0,-6.0522599999999995,48,7,1.0,3.2932699999999997
47,9.452760000000001,3.0,0.07908920900000001,0.9063,-5.66964,12,2,1.439931125,2.5402099999999996
48,8.71659,3.5,0.078478376,0.0,-5.69159,48,7,1.0,2.64462
49,7.992310000000001,3.5,0.068996879,2.6269,-5.907719999999999,48,7,1.0,2.57836
50,7.23387,3.5,0.07657874,2.8929,-7.03908,48,7,1.0,3.8907199999999995
51,4.30202,3.0,0.09057495199999999,0.0,-6.85,45,7,1.0,7.54051
52,4.84192,1.714,0.094572932,0.0,-7.3890899999999995,29,1,1.0,1.7457799999999999
53,4.8952,3.0,0.071286609,0.6888,-5.98838,45,7,1.0,9.29177
54,3.7485199999999996,3.0,0.083006289,2.3664,-7.4703100000000004,45,7,1.0,21.6331
55,4.12971,3.0,0.069348128,3.21,-8.15,45,7,1.0,15.29
56,3.8454800000000002,3.0,0.085153489,2.7874,-7.523060000000001,27,4,1.011755755,14.4852
57,3.6966099999999997,0.33,0.043662020999999995,0.0,-4.57653,45,7,1.0,7.7961
58,4.10294,3.0,0.08638338699999999,0.9363,-6.8459699999999994,39,6,1.708765345,3.07098
59,4.34883,3.0,0.091560418,0.4469,-6.93377,12,2,1.398581755,3.30019
60,4.29127,3.5,0.075209561,1.7677,-8.01925,48,7,1.0,8.92813
61,5.39781,3.0,0.08510239900000001,0.2367,-5.91972,12,2,1.431930973,3.53915
62,3.8699800000000004,3.0,0.085696045,2.8956,-7.546819999999999,12,2,1.4253263790000001,8.4113
63,4.47117,3.0,0.07508634900000001,3.82,-8.34,12,2,1.3893653519999998,6.98
64,6.2483699999999995,3.5,0.07470669099999999,2.4623,-8.43551,48,7,1.0,9.72
65,4.54336,2.0,0.072865433,2.457,-6.326280000000001,7,2,2.9547180269999997,4.51284
66,7.88122,1.0,0.07392266900000001,0.0,-3.7980400000000003,47,7,1.0,6.91602
67,10.8692,2.0,0.082472186,0.5795,-4.856240000000001,14,2,0.507189975,3.78171
68,6.22351,3.0,0.07464172,1.4565,-5.67192,31,3,0.9232951620000001,4.88431
69,6.35358,2.0,0.084789389,1.7656,-5.29546,48,7,1.0,3.00565
70,6.73527,2.0,0.069924132,1.0847,-5.174980000000001,28,4,1.0,2.43277
71,6.729830000000001,2.0,0.069867601,1.0826,-5.17502,48,7,1.0,2.44492
72,5.3990800000000005,2.0,0.079500735,1.5225,-6.50245,28,4,1.0,2.43845
73,6.28799,1.0,0.058978782,0.0,-3.78289,35,3,1.580611803,1.6641700000000001
74,7.1842,2.0,0.079234818,1.8886,-5.14331,48,7,1.0,2.28661
75,6.5018400000000005,3.5,0.082411202,1.9621,-6.68657,48,7,1.0,2.65607
76,5.98381,3.5,0.075845069,2.0818,-6.9676800000000005,48,7,1.0,5.6713
77,7.10473,3.0,0.076649791,0.4471,-5.09004,12,2,1.448867486,2.37723
78,5.9985599999999994,3.0,0.08670846,2.6187,-6.3604199999999995,12,0,1.4090443380000002,4.97296
79,6.29411,3.0,0.08967122,0.4566,-6.26122,12,2,1.4560680330000002,4.43936
80,6.79017,3.5,0.077510367,0.4798,-5.36123,48,7,1.0,2.95423
81,7.93969,3.5,0.075274667,2.1174,-7.38325,48,7,1.0,5.63437
82,6.14323,2.0,0.076855582,1.4193,-4.03947,41,6,1.0,2.15515
83,4.70755,1.0,0.044950082999999995,1.3562,-3.5690800000000005,11,2,1.6864680440000002,0.492799
84,6.1915,2.0,0.082360208,1.1565,-5.47771,48,7,1.0,3.10202
85,7.18237,2.0,0.074298542,0.3593,-4.75786,7,2,3.0841487219999997,1.9816
86,4.54933,4.0,0.06444787,2.5168,-8.17348,28,4,1.0,4.55947
87,4.99028,1.0,0.080211116,2.4661,-5.8269,43,6,1.0,7.1288800000000005
88,5.58305,3.0,0.086408765,0.0,-5.67577,45,7,1.0,5.97575
89,10.6579,2.0,0.08671146800000001,0.6013,-5.23445,14,2,0.520120768,4.44125
90,3.6298800000000004,2.0,0.06724440799999999,1.0851,-5.074319999999999,23,4,2.080478459,3.4106699999999996
91,6.28068,3.0,0.085437631,0.8758,-6.12248,24,4,1.99303911,6.783860000000001
92,4.9955,1.0,0.080295165,1.7992,-5.84584,35,3,1.591391631,4.8558900000000005
93,6.77222,2.0,0.08684109300000001,1.9280000000000002,-5.7203800000000005,48,7,1.0,3.5876
94,5.23267,3.0,0.084758692,3.1938,-5.53372,12,2,1.511270452,4.29365
95,5.984380000000001,3.5,0.08374699299999999,1.0262,-5.954359999999999,48,7,1.0,3.85485
96,6.48151,3.0,0.081692405,1.7885,-8.08312,45,7,1.0,16.9784
97,5.16477,2.0,0.11108889300000001,0.0,-7.270289999999999,47,7,1.0,18.8664
98,5.32897,2.0,0.08700456300000001,2.5906,-6.409009999999999,39,6,3.758609209,4.84194
99,5.88616,4.0,0.07508587900000001,0.2367,-7.68682,28,4,1.0,5.8604400000000005
100,5.76995,4.0,0.074213798,0.2425,-7.68734,28,4,1.0,5.7556
101,4.04124,2.0,0.079084205,3.082,-6.44653,39,6,3.847374903,8.42349
102,4.65182,2.0,0.100055865,0.0,-7.467460000000001,24,4,0.663746983,9.66821
103,3.75947,4.0,0.09242856,2.3387,-7.59243,13,2,1.3312045890000002,16.0695
104,5.5207,4.0,0.072558848,0.2556,-7.692360000000001,28,4,1.0,6.18622
105,3.78281,4.0,0.081878288,2.0747,-7.805160000000001,13,2,1.226663865,11.8175
106,7.0709100000000005,2.0,0.080871097,1.5799,-6.55242,48,7,1.0,2.51445
107,4.18264,2.0,0.091692046,4.2776,-7.4793899999999995,48,4,1.0,6.52669
108,4.18185,2.0,0.091674634,4.2825,-7.4793899999999995,48,7,1.0,6.62558
109,4.6419999999999995,2.0,0.08777869699999999,3.2627,-8.023610000000001,48,7,1.0,4.58145
110,5.526269999999999,3.0,0.091431822,1.5291,-6.905989999999999,24,4,1.99197997,6.43882
111,6.48988,3.0,0.09163942900000001,1.3326,-8.2221,24,4,1.9466182109999999,8.187000000000001
112,4.95407,2.0,0.106556795,0.0,-7.358630000000001,41,6,1.0,8.31568
113,5.20196,2.0,0.093966038,4.3144,-7.0533600000000005,28,4,0.99819974,6.59846
114,5.20069,2.0,0.093943339,4.3264,-7.053380000000001,48,7,1.0,6.61192
115,4.221019999999999,2.0,0.044507744,1.2829,-4.26136,13,2,0.82428564,1.4559799999999998
116,4.41627,2.0,0.048190739,1.9729,-5.62294,48,7,1.0,1.23159
117,5.56123,2.0,0.052780892999999995,2.84,-6.92,39,6,3.854341737,23.2336
118,4.6894800000000005,0.67,0.034622442,1.4945,-3.52205,24,4,1.2007353790000002,0.48822299999999996
119,6.10941,2.0,0.08903996,1.0375,-5.03943,39,6,3.8357123630000003,4.52881
120,6.23075,2.0,0.071347032,0.4446,-4.90755,39,6,3.49947437,2.52247
121,5.96773,1.0,0.090359745,0.0,-4.17131,2,0,1.7586718890000002,1.43012
122,5.3465,1.5,0.073535089,0.0,-4.8533,14,2,0.5786578520000001,5.34777
123,4.33637,2.0,0.074345988,2.6414,-6.7324399999999995,39,6,3.486913658,4.74294
124,5.18432,2.0,0.06818085,0.0,-5.18657,13,2,0.47712667799999997,4.2935300000000005
125,4.87204,2.0,0.063626892,2.7617,-7.05577,39,6,3.225850798,3.18158
126,5.45089,1.67,0.073621439,0.0,-4.981319999999999,14,2,0.35169984299999996,3.63613
127,6.01944,0.5,0.076000162,0.6558,-3.6167,46,7,1.0,0.253177
128,5.78034,1.33,0.072878153,1.5995,-4.47772,47,7,1.0,1.60525
129,5.857469999999999,0.75,0.081712698,0.0653,-3.9859699999999996,28,4,1.0,0.710014
130,6.31819,4.0,0.082286467,2.7789,-8.11733,16,2,1.0,6.29261
131,5.5842,4.0,0.072726832,2.9629,-8.1556,28,4,1.0,5.50685
132,9.10692,3.5,0.075981543,3.2266,-9.374130000000001,48,7,1.0,5.89607
133,7.544389999999999,3.5,0.074108009,2.2087,-7.108389999999999,48,7,1.0,4.16156
134,6.62585,3.5,0.082380343,3.2411,-8.27656,48,7,1.0,6.58845
135,6.92329,3.5,0.085107041,0.8467,-8.20289,48,7,1.0,3.0552799999999998
136,9.335280000000001,3.5,0.076963442,3.01,-9.36,48,7,1.0,59.6369
137,7.764589999999999,3.5,0.075209304,2.173,-7.10082,48,7,1.0,4.270980000000001
138,7.764589999999999,3.5,0.075209304,2.173,-7.10082,48,7,1.0,4.270980000000001
139,6.8467899999999995,3.5,0.083633018,3.1172,-8.27537,48,7,1.0,6.58502
140,6.581739999999999,3.0,0.079957271,0.7569,-9.07705,45,7,1.0,14.8487
141,6.40838,3.0,0.079489234,0.5431,-7.458260000000001,45,7,1.0,13.9237
142,5.9131599999999995,1.0,0.099127676,0.0,-6.39801,47,7,1.0,9.94482
143,5.04615,2.0,0.069275225,0.0,-6.41134,21,4,0.860585068,11.087
144,5.32906,3.0,0.083807123,0.0,-6.422969999999999,45,7,1.0,8.0483
145,5.17095,2.75,0.078902999,0.0,-6.48661,14,2,0.814980328,3.2631099999999997
146,5.26527,2.0,0.073321846,3.7068,-8.31499,4,0,0.7616519390000001,4.24501
147,5.29012,4.0,0.07022595200000001,2.9412,-9.66418,28,4,1.0,5.37694
148,8.75272,3.5,0.074005053,3.4526,-11.0309,48,7,1.0,5.86094
149,7.237939999999999,3.5,0.072222313,2.1547,-8.76022,48,7,1.0,4.03978
150,6.3214,3.5,0.080175219,3.2737,-9.91623,48,7,1.0,6.44169
151,6.88743,3.5,0.0749255,0.1483,-10.3493,48,7,1.0,3.6939699999999998
152,6.6466199999999995,3.5,0.072305867,2.8475,-10.6304,48,7,1.0,5.7927599999999995
153,5.7573,2.67,0.087732125,3.88,-8.73,20,2,1.0,4.33
154,5.4154800000000005,2.0,0.092625673,0.8331,-7.25374,7,2,3.1271529719999998,4.53693
155,5.868119999999999,2.0,0.097402146,2.1223,-5.67634,48,7,1.0,5.29965
156,10.6975,2.0,0.091827365,3.8,-30.27,47,7,1.0,21.78
157,10.0371,3.0,0.06968641099999999,2.42,-8.25,45,7,1.0,10.66
158,7.343439999999999,3.0,0.070392792,3.73,-8.27,45,7,1.0,15.11
159,7.5111,3.0,0.071999424,4.08,-8.69,27,4,1.441176471,10.27
160,6.81658,4.0,0.091033227,5.3,-9.06,28,4,0.904977376,10.97
161,9.21326,3.5,0.076402153,3.12,-9.37,48,7,1.0,5.88
162,7.73588,3.5,0.06862090700000001,4.4648,-9.3467,48,7,1.0,5.2590699999999995
163,7.50283,3.0,0.07192174900000001,3.96,-8.69,13,2,1.0048899759999999,5.4
164,7.5076,3.0,0.071942446,4.17,-8.7,12,2,0.703703704,5.81
165,7.36826,3.5,0.07546652,3.34,-9.7,48,7,1.0,6.44
166,3.60511,3.5,0.055331846,2.6438,-8.468739999999999,41,6,1.0,3.23817
167,8.11561,1.0,0.064717938,2.87,-8.91,40,5,1.0,33.8416
168,11.6031,2.0,0.099593327,3.39,-10.04,12,2,1.66966967,7.82
169,7.65603,3.5,0.07466663,2.1953,-7.1037300000000005,48,7,1.0,4.25779
170,6.900739999999999,3.0,0.068866255,2.8177,-6.92655,12,2,1.439486929,2.63292
171,11.3483,2.0,0.091438604,0.0,-6.20253,24,4,0.698559052,8.97785
172,4.47347,3.0,0.074831703,2.0469999999999997,-7.469119999999999,5,0,0.985377968,12.7733
173,6.731739999999999,3.0,0.075620885,2.3227,-7.919389999999999,45,7,1.0,19.2577
174,5.53578,0.3,0.042129506,0.0,-6.3173699999999995,37,6,0.430326804,3.21651
175,5.6416699999999995,1.5,0.052139205999999994,3.5256,-8.15204,42,6,1.0,1.46822
176,6.45258,3.0,0.08033832099999999,0.0,-7.866569999999999,45,7,1.0,9.489419999999999
177,6.93722,2.0,0.072783779,0.0,-6.491630000000001,21,4,0.847954037,8.62143
178,6.08968,3.0,0.078092665,0.0,-7.984389999999999,45,7,1.0,3.68015
179,5.53298,1.0,0.048732468,2.9693,-7.73897,32,3,1.711109055,7.934239999999999
180,6.21099,1.0,0.042755507000000005,1.9022,-7.37628,26,4,1.0,5.815
181,4.59725,1.5,0.04248702,1.6,-7.90985,36,1,0.520701764,3.83825
182,4.52769,4.0,0.069950452,5.3868,-7.95741,28,4,1.0,4.44492
183,3.84544,4.0,0.059410057999999995,5.2512,-7.97951,33,3,0.8911873859999999,5.405390000000001
184,6.663410000000001,2.33,0.062199955999999994,3.6497,-8.62557,14,2,0.580622438,6.99383
185,7.14268,2.5,0.06784465099999999,1.8389,-6.5538,15,2,0.839451388,2.4439599999999997
186,5.78322,3.0,0.063136495,4.5627,-8.603069999999999,3,0,1.4453338180000002,3.70853
187,6.30751,3.5,0.06661983099999999,2.0853,-7.0620899999999995,48,7,1.0,3.44149
188,5.40576,3.5,0.07374211,3.2676,-8.17553,48,7,1.0,5.5652099999999995
189,5.783580000000001,3.5,0.066950904,3.7972,-8.960139999999999,48,7,1.0,5.3516699999999995
190,5.8882699999999994,1.0,0.045541110999999995,1.4444,-7.21432,5,0,1.232472113,3.2937
191,6.1641,1.5,0.056967505999999994,3.4389,-8.124989999999999,0,0,1.2100397520000001,2.90735
192,5.56259,2.0,0.101629502,1.6572,-7.4840100000000005,39,6,3.5958292419999998,17.7999
193,3.50435,2.0,0.088597502,0.0,-7.388489999999999,48,7,1.0,11.1979
194,3.91664,2.0,0.095535099,0.0,-7.412739999999999,48,7,1.0,9.36389
195,4.01866,2.0,0.10311670199999999,1.9902,-6.60912,28,4,1.0,5.61154
196,5.94794,2.0,0.10100946300000001,2.3816,-5.39371,48,7,1.0,3.72076
197,7.50559,3.0,0.084363268,3.0629,-8.64364,24,4,1.944625628,8.94536
198,2.8223700000000003,3.0,0.068955055,2.7076,-7.217219999999999,4,0,0.916796376,4.55773
199,2.82789,3.0,0.069089879,0.0,-6.9524,14,2,0.916087049,2.32607
200,6.02846,2.0,0.08640535199999999,2.1913,-5.7353,48,7,1.0,3.7713900000000002
201,5.505669999999999,1.83,0.08223718,0.489,-7.98492,32,3,1.236080788,6.827789999999999
202,4.60609,2.0,0.08394795199999999,1.5203,-5.96357,48,7,1.0,4.6405400000000006
203,3.58296,1.33,0.098446514,2.2626,-6.255,47,7,1.0,9.92072
204,5.93715,1.33,0.10023187,1.8891,-5.42017,47,7,1.0,5.80313
205,5.11069,1.0,0.086773166,2.6192,-7.813680000000001,47,7,1.0,13.3183
206,5.38267,3.0,0.08505412,0.0,-6.81705,45,7,1.0,6.37594
207,4.00704,2.0,0.087807394,3.2672,-6.3375699999999995,10,2,2.193509674,7.761539999999999
208,8.09908,1.5,0.086370579,0.0,-7.66785,37,6,0.6232972379999999,7.0869
209,4.88724,3.0,0.076707705,0.0,-8.35056,39,6,3.1570752619999998,5.5597199999999996
210,5.88515,1.83,0.078911962,0.4695,-8.54476,32,3,1.2577461840000002,4.85083
211,5.07482,2.5,0.07533335,1.8335,-6.964230000000001,7,2,2.852211107,3.34065
212,5.14059,3.0,0.08122883,0.8325,-6.85505,39,6,1.676641953,3.19101
213,5.67964,3.5,0.080846982,0.0,-6.77106,48,7,1.0,3.66526
214,8.15424,3.5,0.08565744,0.0,-5.97745,48,7,1.0,1.8611900000000001
215,5.22444,3.5,0.086589969,0.8556,-8.10328,48,7,1.0,4.7413
216,3.4773,2.0,0.071186682,4.28,-6.39731,48,7,1.0,7.640039999999999
217,5.9046400000000006,2.0,0.083380235,0.0,-7.92667,24,4,0.685631691,12.0956
218,2.8443,3.0,0.08437809800000001,3.2388,-5.96572,41,6,1.0,1.67057
219,4.29332,3.0,0.078876919,1.8358,-7.484610000000001,45,7,1.0,19.219
220,6.5580300000000005,3.0,0.078379857,2.5031,-7.94003,45,7,1.0,17.7321
221,6.9798100000000005,3.0,0.08247069,0.0,-7.459219999999999,45,7,1.0,13.6807
222,4.42281,3.0,0.081255891,1.8633,-7.495480000000001,22,4,0.719700711,18.5039
223,6.731160000000001,3.0,0.080449228,2.5252,-7.95074,22,4,0.7175119320000001,17.8237
224,3.7680800000000003,1.0,0.083017865,2.3481,-4.28594,4,0,1.571031826,2.61306
225,4.93288,2.0,0.070771408,4.9017,-6.8694,48,7,1.0,6.665019999999999
226,5.612,3.0,0.07394437,0.0,-7.8638699999999995,45,7,1.0,11.4654
227,5.72086,2.0,0.082747093,0.0,-8.70602,24,4,0.583606084,15.7693
228,7.05532,1.0,0.078027263,0.0,-8.77171,45,7,1.0,24.5568
229,5.72543,3.5,0.070867156,1.0459,-7.50126,48,7,1.0,7.65128
230,6.10834,1.6,0.075094455,0.0,-8.22977,21,4,2.90448025,8.167019999999999
231,6.85676,1.25,0.082287971,0.0,-8.72419,25,4,0.719053513,8.71805
232,5.5622,3.0,0.08683068,3.6269,-7.76513,11,2,2.8150849730000003,4.53052
233,6.56005,1.0,0.10578596300000001,2.2231,-4.9600599999999995,47,7,1.0,21.5631
234,6.3481,3.0,0.08640718900000001,0.8785,-5.918740000000001,24,4,1.985710642,4.6334599999999995
235,8.11914,3.0,0.085185325,2.8841,-8.39283,24,4,1.9270627630000001,7.289569999999999
236,7.1175,3.0,0.061522182,0.0,-7.76733,13,2,1.541801314,6.3661
237,5.20179,2.0,0.104686986,3.2679,-6.24257,48,7,1.0,8.1989
238,7.7317100000000005,2.5,0.07375758,0.4338,-9.01481,6,2,2.102756138,39.2307
239,3.66531,1.67,0.078939059,1.5644,-8.0437,13,2,1.83129425,5.9605
240,8.666139999999999,3.0,0.084221874,1.7439,-7.018339999999999,12,2,1.449158265,3.24417
241,8.037560000000001,3.0,0.0806965,1.4152,-6.9622399999999995,24,4,1.959566903,3.82191
242,5.9135,3.0,0.070017224,1.4249,-6.123469999999999,12,2,1.401484222,2.90029
243,7.76615,3.0,0.08272248900000001,0.9934,-9.09327,24,4,1.915244015,6.97398
244,6.01864,3.5,0.08104444200000001,0.5591,-7.683510000000001,48,7,1.0,4.76089
245,7.4101300000000005,3.5,0.073569245,2.2244,-7.1123899999999995,48,7,1.0,4.11838
246,5.8697099999999995,3.5,0.07375546,2.2472,-7.43093,48,7,1.0,4.57514
247,5.87171,3.5,0.07378069,2.2481,-7.43095,48,7,1.0,4.57355
248,6.48621,3.5,0.08174123700000001,3.3021,-8.27691,48,7,1.0,6.61333
249,4.76875,3.5,0.081922345,3.2858,-8.59564,48,7,1.0,7.53142
250,5.013999999999999,3.5,0.0847977,0.847,-8.52016,48,7,1.0,6.22944
251,4.2823400000000005,1.0,0.08461561199999999,0.0,-7.773960000000001,47,7,1.0,18.4362
252,4.73595,0.33,0.035870579,0.0,-4.27255,45,7,1.0,4.58204
253,9.431519999999999,0.33,0.043435958,0.0,-3.9909199999999996,45,7,1.0,3.9760000000000004
254,15.2225,0.25,0.061957945,0.0,-9.64677,21,2,2.263713633,7.123010000000001
255,5.01979,1.0,0.09031791900000001,4.1743,-7.84912,47,7,1.0,24.6965
256,3.61456,1.5,0.078918812,4.276,-8.58426,42,6,1.0,4.23674
257,4.134519999999999,3.0,0.060140629,2.0808,-5.4556,41,6,1.0,1.74422
258,4.89501,1.5,0.065272021,4.06,-9.11,42,6,1.0,2.642
259,4.89339,1.5,0.067477522,2.82,-6.83,41,6,1.0,2.66
260,3.27892,3.5,0.06747718,2.8172,-6.831760000000001,41,6,1.0,2.57783
261,2.6202099999999997,3.5,0.071127802,3.0926,-7.5441199999999995,41,6,1.0,5.41219
262,2.81595,3.5,0.064,4.47,-8.03,41,6,1.0,3.84
263,7.05277,2.0,0.08455706199999999,0.0,-5.7546,47,7,1.0,5.8699699999999995
264,4.49022,0.33,0.06772888099999999,0.0,-6.12596,38,3,0.938002985,6.736110000000001
265,5.98871,2.0,0.087796313,3.12,-9.43,47,7,1.0,23.94
266,6.603039999999999,0.33,0.054907344000000004,0.0,-9.02,34,3,1.0,7.74
267,7.86753,3.0,0.07815833900000001,2.181,-7.0240100000000005,45,7,1.0,12.3097
268,7.71287,3.0,0.067042102,2.28,-7.8,45,7,1.0,9.84
269,7.08131,3.0,0.072835069,0.0,-7.71432,45,7,1.0,21.7342
270,5.836930000000001,3.0,0.069110697,0.3313,-6.04632,45,7,1.0,8.68576
271,5.64874,3.0,0.07926229,1.7288,-6.9263,45,7,1.0,12.9608
272,4.86033,3.0,0.079745707,2.29,-7.47382,45,7,1.0,21.4744
273,5.09365,3.0,0.067613252,3.22,-8.21,45,7,1.0,14.9
274,6.7605,3.0,0.070240257,0.7293,-8.49173,45,7,1.0,24.0636
275,7.95705,0.25,0.056500025,0.0,-7.469930000000001,48,7,1.0,0.7000310000000001
276,4.3739099999999995,2.0,0.064868722,3.7088,-6.674980000000001,39,6,3.8923340939999997,6.85733
277,10.7534,2.0,0.08903596300000001,0.0,-7.85571,24,4,0.557481866,13.6076
278,6.8307,2.0,0.09147694099999999,0.0,-5.51893,24,4,0.685459629,11.6446
279,3.57596,1.0,0.069932026,2.4796,-7.89735,39,6,3.5498371989999997,9.06028
280,4.81625,1.0,0.062467465,2.42,-8.33,40,3,1.0,32.7949
281,6.32339,2.0,0.075812425,0.3843,-5.93858,9,2,1.4986069030000002,6.18729
282,6.29945,2.0,0.075525468,0.0,-5.94071,24,4,0.672996115,7.045489999999999
283,9.65966,2.0,0.081952659,0.0,-9.28412,24,4,0.577105116,14.1696
284,3.63372,2.0,0.082164318,2.5528,-8.05743,28,4,1.0,13.0947
285,4.01394,2.0,0.090761809,2.2636,-8.04768,24,4,0.647059704,22.7614
286,4.46159,2.0,0.097184248,0.8364,-7.9177,24,4,0.671091117,19.367
287,10.425999999999998,2.0,0.087264858,0.0,-8.6772,24,4,0.53970818,19.1694
288,8.21381,3.0,0.08448345199999999,0.0,-7.6124,34,3,0.9166382940000001,19.32
289,5.927980000000001,3.0,0.070188738,1.1654,-6.10236,27,4,1.0,5.80732
290,4.88243,3.0,0.08010830599999999,2.3866,-7.47625,27,4,1.002457955,12.185
291,5.23782,3.0,0.069526524,3.56,-8.25,27,4,1.0,10.31
292,5.2449900000000005,3.0,0.06962333799999999,3.58,-8.25,27,4,1.0,10.18
293,6.67335,3.0,0.069334905,0.7390000000000001,-8.50881,23,4,0.73515668,15.3918
294,3.5088199999999996,4.0,0.090607067,4.8968,-7.9786600000000005,28,4,1.0,12.7395
295,4.1279900000000005,4.0,0.081119448,5.8,-8.3,28,4,1.0,8.74
296,7.0988,2.0,0.081828278,0.0,-6.1516,16,2,1.0,3.6105699999999996
297,4.6491,4.0,0.065658445,2.7237,-8.2441,28,4,1.0,4.8759
298,11.1626,2.0,0.092424289,0.0,-7.93832,11,2,1.229031051,12.2838
299,7.06112,2.0,0.08880431300000001,2.0292,-5.3099300000000005,48,7,1.0,4.07567
300,5.6974599999999995,4.0,0.086977321,0.2038,-6.84859,18,2,1.0,9.591460000000001
301,4.98541,4.0,0.09827205,4.04,-8.65,16,3,1.0,11.57
302,4.48954,4.0,0.088495575,4.47,-8.73,28,4,1.0,11.61
303,6.36958,2.0,0.08566306300000001,0.6598,-5.015680000000001,48,7,1.0,3.18526
304,6.909039999999999,2.0,0.082834028,0.1517,-5.85956,41,6,1.0,4.7526
305,6.989839999999999,2.0,0.083802979,0.18100000000000002,-5.70972,12,2,2.037775164,3.02075
306,6.42783,2.0,0.077064856,0.3589,-5.9266,11,2,1.21453009,4.08945
307,3.4134,2.0,0.077182827,2.2613,-7.869910000000001,28,4,1.0,15.6738
308,4.09225,2.0,0.09253261800000001,2.8179,-8.03853,11,2,1.211715549,11.6067
309,4.08029,4.0,0.072325755,2.9571,-8.44559,28,4,1.0,6.43648
310,5.55922,2.0,0.08151066400000001,3.56,-9.5,1,0,1.038240918,8.86
311,6.5172099999999995,2.0,0.095556617,2.85,-9.4,12,2,1.94100295,8.37
312,5.2618,2.0,0.077150572,4.1,-9.48,11,2,0.949056604,8.33
313,6.19541,3.0,0.064369049,0.7586,-8.48908,37,6,0.514181498,13.4881
